工号,姓名
1001,张三
1002,李四
1003,王五
1004,赵六
1005,杨绵绵
1006,马焞褿
1007,东方嵂
1008,杨鈰縯
1009,陈力屹
1010,胡郳
1011,赵仂沝
1012,高趒
1013,高訊怃
1014,周壎拵
1015,吴黃
1016,司马鐕
1017,司马襙
1018,诸葛婅颲
1019,胡苫士
1020,张荥
1021,罗嵊擒
1022,郭抢駣
1023,徐癎噚
1024,东方酇駌
1025,孙蝂膰
1026,胡竰浟
1027,郭蜲
1028,黄槅
1029,诸葛衕夵
1030,何箨幨
1031,张雒
1032,李墆彵
1033,张薴
1034,陈饥睽
1035,吴裤瀶
1036,张儹锺
1037,杨铭矆
1038,陈稝因
1039,杨怟
1040,梁璐辣
1041,吴蘤诂
1042,胡黛蝕
1043,胡墱禵
1044,诸葛孎
1045,诸葛酜
1046,上官赿蟽
1047,赵塢霕
1048,周镓饙
1049,高傎訛
1050,上官廑騊
1051,诸葛鷢
1052,黄悽
1053,马加
1054,李苠
1055,赵崭采
1056,林侑轂
1057,何纨
1058,张鳌
1059,陈蔉
1060,王遍珹
1061,诸葛漙鉺
1062,司马奢
1063,胡鍩褿
1064,林訜謆
1065,高胿檱
1066,杨恤畛
1067,东方素
1068,朱颚
1069,梁佮檘
1070,林孙壾
1071,孙鐰
1072,周鴷辭
1073,胡撝
1074,孙韭
1075,周槈
1076,周醮
1077,陈群
1078,李飗薑
1079,郭磹冫
1080,马爨瀰
1081,罗毾
1082,林咚
1083,胡佑菦
1084,高孰
1085,梁拧
1086,东方迆拭
1087,李顋
1088,梁扐昫
1089,诸葛瀊
1090,黄桰咜
1091,黄厦氐
1092,周痬簳
1093,上官埘
1094,林怚纈
1095,王骡
1096,张荘
1097,徐焰
1098,诸葛悊曨
1099,杨葐
1100,黄帏